cve,descrip
204,ARGENTINA
211,REPUBLICA FEDERATIVA DE BRASIL
213,CANADA
214,REPUBLICA DE COLOMBIA
215,REPUBLICA DE COSTA RICA
219,REPUBLICA DEL ECUADOR
221,ESTADOS UNIDOS DE AMERICA
225,REPUBLICA DE GUATEMALA
229,REPUBLICA DE HONDURAS
234,REPUBLICA DE NICARAGUA
235,REPUBLICA DE PANAMA
237,REPUBLICA DE PERU
315,REPUBLICA POPULAR CHINA
321,EMIRATOS ARABES UNIDOS
329,ESTADO DE ISRAEL
332,REPUBLICA DE KAZAJSTAN
349,REINO DE TAILANDIA
400,EUROPA
402,REPUBLICA FEDERAL DE ALEMANIA
403,PRINCIPADO DE ANDORRA
408,REINO DE BELGICA
412,REINO DE DINAMARCA
415,REINO DE ESPA�A
419,REPUBLICA FRANCESA
425,REPUBLICA ITALIANA
426,REPUBLICA DE LETONIA
439,REINO UNIDO DE GRAN BRETA�A E IRLANDA
446,CONFEDERACION SUIZA
501,COMMONWEALTH DE AUSTRALIA
520,NUEVA ZELANDA
600,PAIS NO ESPECIFICADO
