cve,descrip
126,REPUBLICA DE KENIA
154,REPUBLICA DE SUDAFRICA
204,ARGENTINA
207,BARBADOS
208,BELICE
211,REPUBLICA FEDERATIVA DE BRASIL
213,CANADA
214,REPUBLICA DE COLOMBIA
215,REPUBLICA DE COSTA RICA
216,REPUBLICA DE CUBA
217,REPUBLICA DE CHILE
219,REPUBLICA DEL ECUADOR
220,REPUBLICA DE EL SALVADOR
221,ESTADOS UNIDOS DE AMERICA
225,REPUBLICA DE GUATEMALA
229,REPUBLICA DE HONDURAS
234,REPUBLICA DE NICARAGUA
235,REPUBLICA DE PANAMA
237,REPUBLICA DE PERU
239,REPUBLICA DOMINICANA
315,REPUBLICA POPULAR CHINA
321,EMIRATOS ARABES UNIDOS
329,ESTADO DE ISRAEL
330,ESTADO DE JAPON
332,REPUBLICA DE KAZAJSTAN
335,REPUBLICA LIBANESA
349,REINO DE TAILANDIA
400,EUROPA
402,REPUBLICA FEDERAL DE ALEMANIA
405,REPUBLICA DE AUSTRIA
408,REINO DE BELGICA
412,REINO DE DINAMARCA
415,REINO DE ESPA�A
419,REPUBLICA FRANCESA
425,REPUBLICA ITALIANA
426,REPUBLICA DE LETONIA
436,REINO DE LOS PAISES BAJOS
438,REPUBLICA PORTUGUESA
439,REINO UNIDO DE GRAN BRETA�A E IRLANDA
441,RUMANIA
442,FEDERACION DE RUSIA
446,CONFEDERACION SUIZA
447,UCRANIA
501,COMMONWEALTH DE AUSTRALIA
520,NUEVA ZELANDA
600,PAIS NO ESPECIFICADO
