cve,descrip
1,CALIFORNIA
2,TEXAS
3,ILLINOIS
4,ARIZONA
5,NUEVA YORK
6,FLORIDA
7,ALABAMA
8,ALASKA
9,ARKANSAS
10,CAROLINA DEL NORTE
11,CAROLINA DEL SUR
12,COLORADO
14,DAKOTA DEL NORTE
15,DAKOTA DEL SUR
16,DELAWARE
17,GEORGIA
18,HAWAII
19,IDAHO
20,INDIANA
21,IOWA
22,KANSAS
23,KENTUCKY
24,LOUISIANA
26,MARYLAND
27,MASSACHUSETTS
28,MICHIGAN
29,MINNESOTA
30,MISSISSIPPI
31,MISSOURI
32,MONTANA
33,NEBRASKA
34,NEVADA
35,NEW HAMPSHIRE
36,NEW JERSEY
37,NUEVO MEXICO
38,OHIO
39,OKLAHOMA
40,OREGON
41,PENNSYLVANIA
43,TENNESSEE
44,UTAH
46,VIRGINIA
48,WASHINGTON
49,WISCONSIN
99,ESTADO DE EEUU NO ESPECIFICADO
