cve,descrip
0,Sin escolaridad
1,01 grado aprobado
2,02 grados aprobados
3,03 grados aprobados
4,04 grados aprobados
5,05 grados aprobados
6,06 grados aprobados
7,07 grados aprobados
8,08 grados aprobados
9,09 grados aprobados
10,10 grados aprobados
11,11 grados aprobados
12,12 grados aprobados
13,13 grados aprobados
14,14 grados aprobados
15,15 grados aprobados
16,16 grados aprobados
17,17 grados aprobados
18,18 grados aprobados
19,19 grados aprobados
20,20 grados aprobados
21,21 grados aprobados
22,22 grados aprobados
23,23 grados aprobados
24,24 grados aprobados
99,No especificado
