cve,descrip
142,REPUBLICA FEDERAL DE NIGERIA
154,REPUBLICA DE SUDAFRICA
204,ARGENTINA
207,BARBADOS
208,BELICE
210,REPUBLICA DE BOLIVIA
211,REPUBLICA FEDERATIVA DE BRASIL
213,CANADA
214,REPUBLICA DE COLOMBIA
215,REPUBLICA DE COSTA RICA
216,REPUBLICA DE CUBA
217,REPUBLICA DE CHILE
220,REPUBLICA DE EL SALVADOR
225,REPUBLICA DE GUATEMALA
228,REPUBLICA DE HAITI
229,REPUBLICA DE HONDURAS
230,JAMAICA
234,REPUBLICA DE NICARAGUA
237,REPUBLICA DE PERU
238,ESTADO LIBRE ASOCIADO DE PUERTO RICO
239,REPUBLICA DOMINICANA
250,REPUBLICA BOLIVARIANA DE VENEZUELA
300,ASIA
313,REPUBLICA DE COREA
315,REPUBLICA POPULAR CHINA
327,REPUBLICA ISLAMICA DE IRAN
330,ESTADO DE JAPON
349,REINO DE TAILANDIA
400,EUROPA
402,REPUBLICA FEDERAL DE ALEMANIA
408,REINO DE BELGICA
415,REINO DE ESPA�A
419,REPUBLICA FRANCESA
421,REPUBLICA HELENICA
422,REPUBLICA DE HUNGRIA
423,REPUBLICA DE IRLANDA
425,REPUBLICA ITALIANA
426,REPUBLICA DE LETONIA
436,REINO DE LOS PAISES BAJOS
438,REPUBLICA PORTUGUESA
439,REINO UNIDO DE GRAN BRETA�A E IRLANDA
600,PAIS NO ESPECIFICADO
