cve,descrip
204,ARGENTINA
208,BELICE
210,REPUBLICA DE BOLIVIA
211,REPUBLICA FEDERATIVA DE BRASIL
213,CANADA
214,REPUBLICA DE COLOMBIA
215,REPUBLICA DE COSTA RICA
216,REPUBLICA DE CUBA
217,REPUBLICA DE CHILE
220,REPUBLICA DE EL SALVADOR
225,REPUBLICA DE GUATEMALA
229,REPUBLICA DE HONDURAS
230,JAMAICA
238,ESTADO LIBRE ASOCIADO DE PUERTO RICO
239,REPUBLICA DOMINICANA
250,REPUBLICA BOLIVARIANA DE VENEZUELA
315,REPUBLICA POPULAR CHINA
349,REINO DE TAILANDIA
400,EUROPA
402,REPUBLICA FEDERAL DE ALEMANIA
405,REPUBLICA DE AUSTRIA
415,REINO DE ESPA�A
419,REPUBLICA FRANCESA
422,REPUBLICA DE HUNGRIA
423,REPUBLICA DE IRLANDA
425,REPUBLICA ITALIANA
438,REPUBLICA PORTUGUESA
439,REINO UNIDO DE GRAN BRETA�A E IRLANDA
442,FEDERACION DE RUSIA
446,CONFEDERACION SUIZA
600,PAIS NO ESPECIFICADO
