cve,descrip
135,REINO DE MARRUECOS
142,REPUBLICA FEDERAL DE NIGERIA
204,ARGENTINA
208,BELICE
210,REPUBLICA DE BOLIVIA
211,REPUBLICA FEDERATIVA DE BRASIL
213,CANADA
214,REPUBLICA DE COLOMBIA
215,REPUBLICA DE COSTA RICA
216,REPUBLICA DE CUBA
217,REPUBLICA DE CHILE
219,REPUBLICA DEL ECUADOR
220,REPUBLICA DE EL SALVADOR
225,REPUBLICA DE GUATEMALA
228,REPUBLICA DE HAITI
229,REPUBLICA DE HONDURAS
230,JAMAICA
234,REPUBLICA DE NICARAGUA
235,REPUBLICA DE PANAMA
236,REPUBLICA DE PARAGUAY
237,REPUBLICA DE PERU
238,ESTADO LIBRE ASOCIADO DE PUERTO RICO
239,REPUBLICA DOMINICANA
247,REPUBLICA ORIENTAL DEL URUGUAY
250,REPUBLICA BOLIVARIANA DE VENEZUELA
313,REPUBLICA DE COREA
315,REPUBLICA POPULAR CHINA
322,REPUBLICA DE FILIPINAS
325,REPUBLICA DE LA INDIA
327,REPUBLICA ISLAMICA DE IRAN
329,ESTADO DE ISRAEL
330,ESTADO DE JAPON
335,REPUBLICA LIBANESA
352,REPUBLICA DE TURQUIA
400,EUROPA
402,REPUBLICA FEDERAL DE ALEMANIA
407,REPUBLICA DE BIELORRUSIA
408,REINO DE BELGICA
419,REPUBLICA FRANCESA
422,REPUBLICA DE HUNGRIA
423,REPUBLICA DE IRLANDA
425,REPUBLICA ITALIANA
426,REPUBLICA DE LETONIA
436,REINO DE LOS PAISES BAJOS
437,REPUBLICA DE POLONIA
438,REPUBLICA PORTUGUESA
439,REINO UNIDO DE GRAN BRETA�A E IRLANDA
440,REPUBLICA CHECA
442,FEDERACION DE RUSIA
446,CONFEDERACION SUIZA
447,UCRANIA
520,NUEVA ZELANDA
600,PAIS NO ESPECIFICADO
