﻿"Encuesta Nacional de la Dinámica Demográfica ENADID 2018	",
"	",
Nombre de archivo,Título de Tablas
conjunto_de_datos_tfechisemb_enadid_2018,Fecundidad e historia de embarazos
conjunto_de_datos_thogar_enadid_2018,Hogares
conjunto_de_datos_tmigrante_enadid_2018,Migración internacional
conjunto_de_datos_tmujer1_enadid_2018,Módulo para la mujer parte 1
conjunto_de_datos_tmujer2_enadid_2018,Módulo para la mujer parte 2
conjunto_de_datos_tsdem_enadid_2018,Residentes y características de las personas
conjunto_de_datos_tvivienda_enadid_2018,Características de las viviendas